<?xml version="1.0" encoding="UTF-8"?>
<extension type="package" method="upgrade">
    <name>pkg_guidedtourstoolkit</name>
    <author>Joomla! Project</author>
    <creationDate>2024-03-09</creationDate>
    <packagename>guidedtourstoolkit</packagename>
    <copyright>(C) 2020 Open Source Matters, Inc.</copyright>
    <license>GNU General Public License version 2 or later; see LICENSE.txt</license>
    <authorEmail>admin@joomla.org</authorEmail>
    <authorUrl>www.joomla.org</authorUrl>
    <version>1.0.0</version>
    <description>Toolkit installer</description>
    <scriptfile>installer.php</scriptfile>
    <files folder="packages">
        <file type="component" id="com_guidedtourstoolkit">com_guidedtourstoolkit.zip</file>
        <file type="plugin" id="guidedtourstoolkit" group="system">plg_system_guidedtourstoolkit.zip</file>
    </files>
</extension>
