<?xml version="1.0" encoding="utf-8" ?>
<extension type="plugin" group="system" method="upgrade">
    <name>plg_system_guidedtourstoolkit</name>
    <author>Joomla! Project</author>
    <creationDate>2024-03-09</creationDate>
    <copyright>(C) 2020 Open Source Matters, Inc.</copyright>
    <license>GNU General Public License version 2 or later; see LICENSE.txt</license>
    <authorEmail>admin@joomla.org</authorEmail>
    <authorUrl>www.joomla.org</authorUrl>
    <version>1.0.3</version>
    <description>PLG_SYSTEM_GUIDEDTOURSTOOLKIT_XML_DESCRIPTION</description>
    <namespace path="src">Joomla\Plugin\System\GuidedToursToolkit</namespace>
    <files>
        <folder plugin="guidedtourstoolkit">services</folder>
        <folder>src</folder>
    </files>
    <languages>
        <language tag="en-GB">language/en-GB/plg_system_guidedtourstoolkit.ini</language>
        <language tag="en-GB">language/en-GB/plg_system_guidedtourstoolkit.sys.ini</language>
    </languages>
    <config>
    </config>
</extension>
